﻿{
  "$schema": "https://schema.management.azure.com/schemas/2015-01-01/deploymentTemplate.json#",
  "contentVersion": "1.0.0.2",
  "parameters": {
    "siteName": {
      "type": "string"
    },
    "hostingPlanName": {
      "type": "string"
    },
    "siteLocation": {
      "type": "string"
    },
    "sku": {
      "type": "string",
      "allowedValues": [
        "Free",
        "Shared",
        "Basic",
        "Standard",
        "Premium"
      ],
      "defaultValue": "Free"
    },
    "Worker Size": {
      "type": "string",
      "allowedValues": [
        "1",
        "2",
        "3"
      ],
      "defaultValue": "1"
    },
    "Deploy App Insights": {
      "type": "bool",
      "defaultValue": true
    },
    "Email Service": {
      "type": "string",
      "allowedValues": [
        "Not configured",
        "Mailgun",
        "Gmail",
        "SendGrid"
      ],
      "defaultValue": "Not configured"
    },
    "Email Username": {
      "type": "string",
      "defaultValue": ""
    },
    "Email Password": {
      "type": "string",
      "defaultValue": ""
    },
    "Email From Address": {
      "type": "string",
      "defaultValue": ""
    },
    "repoUrl": {
      "type": "string"
    },
    "branch": {
      "type": "string"
    }
  },
  "variables": {
    "skuMapping": "[if(equals(parameters('sku'), 'Free'), 'F', if(equals(parameters('sku'), 'Shared'), 'D', if(equals(parameters('sku'), 'Basic'), 'B', if(equals(parameters('sku'), 'Standard'), 'S', if(equals(parameters('sku'), 'Premium'), 'P', 'F')))))]",
    "sku": "[concat(variables('skuMapping'), parameters('Worker Size'))]",
    "appInsightsName": "[concat(parameters('siteName'), '-insights')]"
  },
  "resources": [
    {
      "name": "[parameters('hostingPlanName')]",
      "type": "Microsoft.Web/serverfarms",
      "location": "[parameters('siteLocation')]",
      "apiVersion": "2016-09-01",
      "sku": {
        "name": "[variables('sku')]"
      },
      "dependsOn": [],
      "properties": {
        "name": "[parameters('hostingPlanName')]",
        "numberOfWorkers": 1
      }
    },
    {
      "name": "[parameters('siteName')]",
      "type": "Microsoft.Web/sites",
      "location": "[parameters('siteLocation')]",
      "apiVersion": "2016-08-01",
      "dependsOn": [
        "[resourceId('Microsoft.Web/serverfarms', parameters('hostingPlanName'))]"
      ],
      "tags": {
        "[concat('hidden-related:', resourceId('Microsoft.Web/serverfarms', parameters('hostingPlanName')))]": "Resource",
        "displayName": "[parameters('siteName')]"
      },
      "properties": {
        "name": "[parameters('siteName')]",
        "serverFarmId": "[resourceId('Microsoft.Web/serverfarms', parameters('hostingPlanName'))]"
      },
      "resources": [
        {
          "name": "appsettings",
          "type": "config",
          "apiVersion": "2016-08-01",
          "dependsOn": [
            "[resourceId('Microsoft.Web/sites', parameters('siteName'))]",
            "[resourceId('Microsoft.Insights/components', variables('appInsightsName'))]"
          ],
          "properties": {
            "url": "[concat('https://', reference(resourceId('Microsoft.Web/sites', parameters('siteName'))).hostNames[0])]",
            "mail__transport": "SMTP",
            "mail__options__service": "[parameters('Email Service')]",
            "mail__options__auth__user": "[parameters('Email Username')]",
            "mail__options__auth__pass": "[parameters('Email Password')]",
            "mail__from": "[parameters('Email From Address')]",
            "WEBSITE_NODE_DEFAULT_VERSION": "~12",
            "SCM_COMMAND_IDLE_TIMEOUT": "300",
            "APPINSIGHTS_INSTRUMENTATION_KEY": "[reference(concat('Microsoft.Insights/components/', variables('appInsightsName'))).InstrumentationKey]"
          }
        },
        {
          "name": "web",
          "type": "sourcecontrols",
          "apiVersion": "2016-08-01",
          "dependsOn": [
            "[resourceId('Microsoft.Web/sites', parameters('siteName'))]",
            "[resourceId('Microsoft.Web/sites/config', parameters('siteName'), 'appsettings')]"
          ],
          "properties": {
            "repoUrl": "[parameters('repoUrl')]",
            "branch": "[parameters('branch')]",
            "isManualIntegration": true,
            "deploymentRollbackEnabled": true
          }
        }
      ]
    },
    {
      "name": "[variables('appInsightsName')]",
      "type": "Microsoft.Insights/components",
      "location": "[parameters('siteLocation')]",
      "apiVersion": "2014-04-01",
      "condition": "[parameters('Deploy App Insights')]",
      "dependsOn": [
        "[resourceId('Microsoft.Web/sites', parameters('siteName'))]"
      ],
      "tags": {
        "displayName": "[variables('appInsightsName')]"
      },
      "properties": {
        "ApplicationId": "[resourceId('Microsoft.Web/sites', parameters('siteName'))]",
        "Application_Type": "Node.JS"
      }
    }
  ]
}
